<?xml version="1.0" encoding="UTF-8"?>
<beans xmlns="http://www.springframework.org/schema/beans"
    xmlns:xsi="http://www.w3.org/2001/XMLSchema-instance"
    xsi:schemaLocation="
        http://www.springframework.org/schema/mvc http://www.springframework.org/schema/mvc/spring-mvc-3.1.xsd
        http://www.springframework.org/schema/beans http://www.springframework.org/schema/beans/spring-beans-3.1.xsd">


    <bean class="org.springframework.mail.javamail.JavaMailSenderImpl" id="mailSender">
        <property name="host" value="${email.host}"/>
        <property name="protocol" value="${email.protocol}"/>
        <property name="port" value="${email.port}"/>
        <property name="username" value="${email.username}"/>
        <property name="password" value="${email.password}"/>
    </bean>
    <bean class="org.springframework.mail.SimpleMailMessage" id="templateMessage">
        <property name="from" value="${email.from}"/>
        <property name="subject" value="${email.subject}"/>
    </bean>
</beans>