<?xml version="1.0" encoding="UTF-8"?>
<beans xmlns="http://www.springframework.org/schema/beans"
       xmlns:xsi="http://www.w3.org/2001/XMLSchema-instance"
       xmlns:security="http://www.springframework.org/schema/security"
       xsi:schemaLocation="
           http://www.springframework.org/schema/beans http://www.springframework.org/schema/beans/spring-beans-3.2.xsd
           http://www.springframework.org/schema/security http://www.springframework.org/schema/security/spring-security-3.1.xsd">

   <!-- Configure Spring Security -->
   <security:global-method-security secured-annotations="enabled"/>
   <security:http auto-config="true" use-expressions="true">
      <security:form-login login-page="/login" login-processing-url="/loginProcess" 
                           default-target-url="/dashboard" authentication-failure-url="/login?login_error=1" />
      <security:logout logout-url="/logout" logout-success-url="/" />
      <security:intercept-url pattern="/dashboard"  access="isAuthenticated()"/>
   </security:http>

   <security:authentication-manager alias="authenticationManager">
      <security:authentication-provider  user-service-ref="customUserDetailsService">
         <!-- <security:password-encoder hash="sha-256" /> -->
      </security:authentication-provider>
   </security:authentication-manager>
	
   <bean id="customUserDetailsService" class="com.arnellconsulting.tps.security.TpsUserDetailsService"/>

</beans>