<?xml version="1.0" encoding="UTF-8"?>
<beans xmlns="http://www.springframework.org/schema/beans"
       xmlns:xsi="http://www.w3.org/2001/XMLSchema-instance"
       xmlns:context="http://www.springframework.org/schema/context"
       xsi:schemaLocation="
           http://www.springframework.org/schema/beans http://www.springframework.org/schema/beans/spring-beans-3.1.xsd
           http://www.springframework.org/schema/context http://www.springframework.org/schema/context/spring-context-3.1.xsd">
    <!--
        This will automatically locate any and all property files you have
        within your classpath, provided they fall under the META-INF/spring
        directory. The located property files are parsed and their values can
        then be used within application context files in the form of
        ${propertyKey}.
    -->
    <context:property-placeholder location="classpath*:META-INF/spring/*.properties"/>

    <!-- Scans for application @Components to deploy -->
    <context:component-scan base-package="com.arnellconsulting.tps" />

    <!-- Imports the configurations of the different infrastructure systems of the application -->
    <import resource="applicationContext-webmvc.xml" />
    <import resource="applicationContext-webflow.xml" />
    <import resource="applicationContext-datasource.xml" />
    <import resource="applicationContext-security.xml" />
    <import resource="applicationContext-mail.xml" />
    <import resource="applicationContext-springdata.xml" />

</beans>