<?xml version="1.0" encoding="UTF-8"?>
<beans xmlns="http://www.springframework.org/schema/beans"
       xmlns:xsi="http://www.w3.org/2001/XMLSchema-instance"
       xmlns:tx="http://www.springframework.org/schema/tx"
       xsi:schemaLocation="
           http://www.springframework.org/schema/beans http://www.springframework.org/schema/beans/spring-beans-3.1.xsd
           http://www.springframework.org/schema/tx http://www.springframework.org/schema/tx/spring-tx-3.1.xsd">

    <!-- Instructs Spring to perfrom declarative transaction management on annotated classes -->
    <tx:annotation-driven />

    <bean class="org.apache.commons.dbcp.BasicDataSource" destroy-method="close" id="dataSource">
        <property name="driverClassName" value="${database.driverClassName}"/>
        <property name="url" value="${database.url}"/>
        <property name="username" value="${database.username}"/>
        <property name="password" value="${database.password}"/>
        <property name="testOnBorrow" value="true"/>
        <property name="testOnReturn" value="true"/>
        <property name="testWhileIdle" value="true"/>
        <property name="timeBetweenEvictionRunsMillis" value="1800000"/>
        <property name="numTestsPerEvictionRun" value="3"/>
        <property name="minEvictableIdleTimeMillis" value="1800000"/>
        <property name="validationQuery" value="SELECT 1"/>
    </bean>
    <bean class="org.springframework.orm.jpa.JpaTransactionManager" id="transactionManager">
        <property name="entityManagerFactory" ref="entityManagerFactory"/>
    </bean>
    <bean class="org.springframework.orm.jpa.LocalContainerEntityManagerFactoryBean" id="entityManagerFactory">
        <property name="persistenceUnitName" value="persistenceUnit"/>
        <property name="dataSource" ref="dataSource"/>
    </bean>    
    
</beans>