<?xml version="1.0" encoding="UTF-8"?>
<beans xmlns="http://www.springframework.org/schema/beans"
       xmlns:xsi="http://www.w3.org/2001/XMLSchema-instance"
       xmlns:jdbc="http://www.springframework.org/schema/jdbc"
       xsi:schemaLocation="http://www.springframework.org/schema/jdbc http://www.springframework.org/schema/jdbc/spring-jdbc-3.0.xsd
        http://www.springframework.org/schema/beans http://www.springframework.org/schema/beans/spring-beans-2.0.xsd">
     
    <bean id="entityManagerFactory"
          class="org.springframework.orm.jpa.LocalContainerEntityManagerFactoryBean">
        <property name="dataSource" ref="dataSource" />
        <property name="persistenceUnitName" value="employeePU"/>
        <property name="jpaVendorAdapter">
            <bean class="org.springframework.orm.jpa.vendor.HibernateJpaVendorAdapter">
                <property name="generateDdl" value="true" />
                <property name="showSql" value="true"/>
            </bean>
        </property>
    </bean>
     
    <bean id="transactionManager" class="org.springframework.orm.jpa.JpaTransactionManager">
        <property name="entityManagerFactory" ref="entityManagerFactory" />
    </bean>
    <bean id="dataSource" class="snaq.db.DBPoolDataSource">
        <property name="driverClassName" value="${database.driverClassName}" />
        <property name="url" value="${database.url}" />
        <property name="user" value="${database.username}" />
        <property name="password" value="${database.password}" />
        <property name="name" value="DBPool_Employee"/>
        <property name="minPool" value="5"/>
        <property name="maxPool" value="10"/>
        <property name="maxSize" value="30"/>
    </bean>
 
</beans>